AidData ID,Geoname,Geoname ID,Latitude,Longitude,Precision Code,Date,ADM1 Name,ADM1 Code,ADM2 Name,ADM2 Code,Source URL,Source,Note,Location Type,Activities
2417770,Russian Federation,2017370,,,8.2,,,0,,0,http://www-wds.worldbank.org/external/default/WDSContentServer/WDSP/IB/2004/06/22/000104615_20040623095946/Rendered/PDF/Integrated0Saf1et010Appraisal0Stage.pdf,ISDS,"The location represents funding to a government agency, but this is not the only location for the project.",,
2417770,Obninsk,516436,55.09680938720703,36.61006164550781,1.0,,Kaluga,0,Borovskiy rayon,0,http://www-wds.worldbank.org/external/default/WDSContentServer/WDSP/IB/2005/03/01/000090341_20050301105648/Rendered/PDF/31465.pdf ; http://www-wds.worldbank.org/external/default/WDSContentServer/WDSP/IB/2004/06/22/000104615_20040623095946/Rendered/PDF/Integrated0Saf1et010Appraisal0Stage.pdf,PAD ; ISDS,"The coordinates corresponds to an exact location, such as a populated place or a hill. The code is also used for locations that join a location which is a line (such as a road or railroad). Lines are not coded only the points that connect lines. All points that are mentioned in the source are coded.",,
2417770,Moscow,524901,55.752220153808594,37.61555862426758,1.0,,Moskva,0,Moskva gorsovet,0,http://www-wds.worldbank.org/external/default/WDSContentServer/WDSP/IB/2005/03/01/000090341_20050301105648/Rendered/PDF/31465.pdf ; http://www-wds.worldbank.org/external/default/WDSContentServer/WDSP/IB/2004/06/22/000104615_20040623095946/Rendered/PDF/Integrated0Saf1et010Appraisal0Stage.pdf,PAD ; ISDS,"The coordinates corresponds to an exact location, such as a populated place or a hill. The code is also used for locations that join a location which is a line (such as a road or railroad). Lines are not coded only the points that connect lines. All points that are mentioned in the source are coded.",,
2417770,Novosibirsk,1496747,55.04111099243164,82.93444061279297,1.0,,Novosibirsk,0,Novosibirskiy rayon,0,http://www-wds.worldbank.org/external/default/WDSContentServer/WDSP/IB/2005/03/01/000090341_20050301105648/Rendered/PDF/31465.pdf ; http://www-wds.worldbank.org/external/default/WDSContentServer/WDSP/IB/2004/06/22/000104615_20040623095946/Rendered/PDF/Integrated0Saf1et010Appraisal0Stage.pdf,PAD ; ISDS,"The coordinates corresponds to an exact location, such as a populated place or a hill. The code is also used for locations that join a location which is a line (such as a road or railroad). Lines are not coded only the points that connect lines. All points that are mentioned in the source are coded.",,
2417770,Khabarovsk,2022890,48.480831146240234,135.0927734375,1.0,,Khabarovsk,0,Khabarovskiy rayon,0,http://www-wds.worldbank.org/external/default/WDSContentServer/WDSP/IB/2005/03/01/000090341_20050301105648/Rendered/PDF/31465.pdf ; http://www-wds.worldbank.org/external/default/WDSContentServer/WDSP/IB/2004/06/22/000104615_20040623095946/Rendered/PDF/Integrated0Saf1et010Appraisal0Stage.pdf,PAD ; ISDS,"The coordinates corresponds to an exact location, such as a populated place or a hill. The code is also used for locations that join a location which is a line (such as a road or railroad). Lines are not coded only the points that connect lines. All points that are mentioned in the source are coded.",,
2417770,Voeikov Main Geophysical Observatory,7874185,59.94636154174805,30.705289840698242,1.0,,Leningrad,0,Vsevolzhskiy rayon,0,http://www-wds.worldbank.org/external/default/WDSContentServer/WDSP/IB/2005/03/01/000090341_20050301105648/Rendered/PDF/31465.pdf,PAD,"The coordinates corresponds to an exact location, such as a populated place or a hill. The code is also used for locations that join a location which is a line (such as a road or railroad). Lines are not coded only the points that connect lines. All points that are mentioned in the source are coded.",,
40645490,Vyra,470378,59.35044479370117,29.962467193603516,1.0,,Leningrad,0,Gatchinskiy rayon,0,http://www-wds.worldbank.org/external/default/WDSContentServer/WDSP/IB/2010/11/16/000370910_20101116092327/Rendered/PDF/576090PAD01pub161201010R20101027611.pdf,PAD,"The coordinates corresponds to an exact location, such as a populated place or a hill. The code is also used for locations that join a location which is a line (such as a road or railroad). Lines are not coded only the points that connect lines. All points that are mentioned in the source are coded.",,
40645490,Tverskaya Oblastí,480041,57.0096435546875,35.004878997802734,4.2,,Tver,0,,0,http://www-wds.worldbank.org/external/default/WDSContentServer/WDSP/IB/2010/04/09/000020953_20100409115711/Rendered/PDF/539620ISDS0Rus1eration0cultural0rev.pdf ; http://www-wds.worldbank.org/external/default/WDSContentServer/WDSP/IB/2010/11/16/000370910_20101116092327/Rendered/PDF/576090PAD01pub161201010R20101027611.pdf,ISDS ; PAD,"The location is within a first order administrative division (ADM1), such as a province, state or governorate, but the location within the ADM1 is unknown.",,
40645490,Tver,480060,56.861942291259766,35.8930549621582,1.0,,Tver,0,Tver,0,http://www-wds.worldbank.org/external/default/WDSContentServer/WDSP/IB/2010/11/16/000370910_20101116092327/Rendered/PDF/576090PAD01pub161201010R20101027611.pdf,PAD,"The coordinates corresponds to an exact location, such as a populated place or a hill. The code is also used for locations that join a location which is a line (such as a road or railroad). Lines are not coded only the points that connect lines. All points that are mentioned in the source are coded.",,
40645490,Saint Petersburg,498817,59.894439697265625,30.264169692993164,1.0,,City of St. Petersburg,0,Sankt-Peterburg gorsovet,0,http://www-wds.worldbank.org/external/default/WDSContentServer/WDSP/IB/2010/11/16/000370910_20101116092327/Rendered/PDF/576090PAD01pub161201010R20101027611.pdf,PAD,"The coordinates corresponds to an exact location, such as a populated place or a hill. The code is also used for locations that join a location which is a line (such as a road or railroad). Lines are not coded only the points that connect lines. All points that are mentioned in the source are coded.",,
40645490,Pskovskaya Oblastí,504338,57.5,29,4.2,,Pskov,0,,0,http://www-wds.worldbank.org/external/default/WDSContentServer/WDSP/IB/2010/04/09/000020953_20100409115711/Rendered/PDF/539620ISDS0Rus1eration0cultural0rev.pdf ; http://www-wds.worldbank.org/external/default/WDSContentServer/WDSP/IB/2010/11/16/000370910_20101116092327/Rendered/PDF/576090PAD01pub161201010R20101027611.pdf,ISDS ; PAD,"The location is within a first order administrative division (ADM1), such as a province, state or governorate, but the location within the ADM1 is unknown.",,
40645490,Pskov,504341,57.8135986328125,28.349599838256836,1.0,,Pskov,0,Pskovskiy rayon,0,http://www-wds.worldbank.org/external/default/WDSContentServer/WDSP/IB/2010/11/16/000370910_20101116092327/Rendered/PDF/576090PAD01pub161201010R20101027611.pdf,PAD,"The coordinates corresponds to an exact location, such as a populated place or a hill. The code is also used for locations that join a location which is a line (such as a road or railroad). Lines are not coded only the points that connect lines. All points that are mentioned in the source are coded.",,
40645490,Novgorodskaya Oblastí,519324,58.5,32.5,4.2,,Novgorod,0,,0,http://www-wds.worldbank.org/external/default/WDSContentServer/WDSP/IB/2010/04/09/000020953_20100409115711/Rendered/PDF/539620ISDS0Rus1eration0cultural0rev.pdf ; http://www-wds.worldbank.org/external/default/WDSContentServer/WDSP/IB/2010/11/16/000370910_20101116092327/Rendered/PDF/576090PAD01pub161201010R20101027611.pdf,ISDS ; PAD,"The location is within a first order administrative division (ADM1), such as a province, state or governorate, but the location within the ADM1 is unknown.",,
40645490,Velikiy Novgorod,519336,58.516666412353516,31.28333282470703,1.0,,Novgorod,0,Velikiy Novgorod,0,http://www-wds.worldbank.org/external/default/WDSContentServer/WDSP/IB/2010/11/16/000370910_20101116092327/Rendered/PDF/576090PAD01pub161201010R20101027611.pdf,PAD,"The coordinates corresponds to an exact location, such as a populated place or a hill. The code is also used for locations that join a location which is a line (such as a road or railroad). Lines are not coded only the points that connect lines. All points that are mentioned in the source are coded.",,
40645490,Leningradskaya Oblastí,536199,60,32,4.2,,Leningrad,0,,0,http://www-wds.worldbank.org/external/default/WDSContentServer/WDSP/IB/2010/04/09/000020953_20100409115711/Rendered/PDF/539620ISDS0Rus1eration0cultural0rev.pdf,ISDS,"The location is within a first order administrative division (ADM1), such as a province, state or governorate, but the location within the ADM1 is unknown.",,
40645490,Gorodishche,559654,48.796199798583984,44.47779846191406,1.0,,Volgograd,0,Gorodishchenskiy rayon,0,http://www-wds.worldbank.org/external/default/WDSContentServer/WDSP/IB/2010/11/16/000370910_20101116092327/Rendered/PDF/576090PAD01pub161201010R20101027611.pdf,PAD,"The coordinates corresponds to an exact location, such as a populated place or a hill. The code is also used for locations that join a location which is a line (such as a road or railroad). Lines are not coded only the points that connect lines. All points that are mentioned in the source are coded.",,
40645490,Russian Federation,2017370,,,8.2,,,0,,0,http://www-wds.worldbank.org/external/default/WDSContentServer/WDSP/IB/2010/11/16/000370910_20101116092327/Rendered/PDF/576090PAD01pub161201010R20101027611.pdf,PAD,"The location represents funding to a government agency, but this is not the only location for the project.",,
40645490,Mon Repos,7874180,60.73611068725586,28.712499618530273,1.0,,Leningrad,0,Vyborgskiy rayon,0,http://www-wds.worldbank.org/external/default/WDSContentServer/WDSP/IB/2010/11/16/000370910_20101116092327/Rendered/PDF/576090PAD01pub161201010R20101027611.pdf,PAD,"The coordinates corresponds to an exact location, such as a populated place or a hill. The code is also used for locations that join a location which is a line (such as a road or railroad). Lines are not coded only the points that connect lines. All points that are mentioned in the source are coded.",,
2416898,Russian Federation,2017370,,,8.2,,,0,,0,http://www-wds.worldbank.org/external/default/WDSContentServer/WDSP/IB/2006/10/26/000104615_20061026165010/Rendered/PDF/Integrated0Saf1et010Appraisal0Stage.pdf ; http://www-wds.worldbank.org/external/default/WDSContentServer/WDSP/IB/2008/02/11/000333038_20080211024032/Rendered/PDF/377740PAD0P0791321466B0R20081002111.pdf,ISDS ; PAD,"The location represents funding to a government agency, but this is not the only location for the project.",,
2416898,Volzhskiy,472231,48.79056167602539,44.771671295166016,1.0,,Volgograd,0,Sredneakhtubinskiy rayon,0,http://www-wds.worldbank.org/external/default/WDSContentServer/WDSP/ECA/2011/05/08/77010131AB004C0C8525788A0056E605/1_0/Rendered/PDF/P0790320ISR0Di008201101304869749697.pdf,Implementation Status & Results,"The coordinates corresponds to an exact location, such as a populated place or a hill. The code is also used for locations that join a location which is a line (such as a road or railroad). Lines are not coded only the points that connect lines. All points that are mentioned in the source are coded.",,
2416898,Tula,480562,54.20444107055664,37.61111068725586,1.0,,Tula,0,Tula,0,http://www-wds.worldbank.org/external/default/WDSContentServer/WDSP/ECA/2011/05/08/77010131AB004C0C8525788A0056E605/1_0/Rendered/PDF/P0790320ISR0Di008201101304869749697.pdf,Implementation Status & Results,"The coordinates corresponds to an exact location, such as a populated place or a hill. The code is also used for locations that join a location which is a line (such as a road or railroad). Lines are not coded only the points that connect lines. All points that are mentioned in the source are coded.",,
2416898,Saransk,498698,54.183799743652344,45.17490005493164,1.0,,Mordovia,0,Saransk gorsovet,0,http://www-wds.worldbank.org/external/default/WDSContentServer/WDSP/ECA/2011/05/08/77010131AB004C0C8525788A0056E605/1_0/Rendered/PDF/P0790320ISR0Di008201101304869749697.pdf,Implementation Status & Results,"The coordinates corresponds to an exact location, such as a populated place or a hill. The code is also used for locations that join a location which is a line (such as a road or railroad). Lines are not coded only the points that connect lines. All points that are mentioned in the source are coded.",,
2416898,Orenburg,515003,51.772701263427734,55.09880065917969,1.0,,Orenburg,0,Orenburg,0,http://www-wds.worldbank.org/external/default/WDSContentServer/WDSP/ECA/2011/05/08/77010131AB004C0C8525788A0056E605/1_0/Rendered/PDF/P0790320ISR0Di008201101304869749697.pdf,Implementation Status & Results,"The coordinates corresponds to an exact location, such as a populated place or a hill. The code is also used for locations that join a location which is a line (such as a road or railroad). Lines are not coded only the points that connect lines. All points that are mentioned in the source are coded.",,
2416898,Novokuybyshevsk,518659,53.09590148925781,49.94620132446289,1.0,,Samara,0,Volzhskiy rayon,0,http://www-wds.worldbank.org/external/default/WDSContentServer/WDSP/ECA/2011/05/08/77010131AB004C0C8525788A0056E605/1_0/Rendered/PDF/P0790320ISR0Di008201101304869749697.pdf,Implementation Status & Results,"The coordinates corresponds to an exact location, such as a populated place or a hill. The code is also used for locations that join a location which is a line (such as a road or railroad). Lines are not coded only the points that connect lines. All points that are mentioned in the source are coded.",,
2416898,Naberezhnyye Chelny,523750,55.73540115356445,52.410099029541016,1.0,,Tatarstan,0,Yelabuzhskiy rayon,0,http://www-wds.worldbank.org/external/default/WDSContentServer/WDSP/ECA/2011/05/08/77010131AB004C0C8525788A0056E605/1_0/Rendered/PDF/P0790320ISR0Di008201101304869749697.pdf,Implementation Status & Results,"The coordinates corresponds to an exact location, such as a populated place or a hill. The code is also used for locations that join a location which is a line (such as a road or railroad). Lines are not coded only the points that connect lines. All points that are mentioned in the source are coded.",,
2416898,Ivanovo,555312,56.994171142578125,40.9858283996582,1.0,,Ivanovo,0,Ivanovo,0,http://www-wds.worldbank.org/external/default/WDSContentServer/WDSP/ECA/2011/05/08/77010131AB004C0C8525788A0056E605/1_0/Rendered/PDF/P0790320ISR0Di008201101304869749697.pdf,Implementation Status & Results,"The coordinates corresponds to an exact location, such as a populated place or a hill. The code is also used for locations that join a location which is a line (such as a road or railroad). Lines are not coded only the points that connect lines. All points that are mentioned in the source are coded.",,
2416898,Cheboksary,569696,56.13222122192383,47.2519416809082,1.0,,Chuvash,0,Cheboksary,0,http://www-wds.worldbank.org/external/default/WDSContentServer/WDSP/ECA/2011/05/08/77010131AB004C0C8525788A0056E605/1_0/Rendered/PDF/P0790320ISR0Di008201101304869749697.pdf,Implementation Status & Results,"The coordinates corresponds to an exact location, such as a populated place or a hill. The code is also used for locations that join a location which is a line (such as a road or railroad). Lines are not coded only the points that connect lines. All points that are mentioned in the source are coded.",,
2416898,Nefteyugansk,1497917,61.099788665771484,72.6034927368164,1.0,,Khanty-Mansiy,0,Nefteyuganskiy rayon,0,http://www-wds.worldbank.org/external/default/WDSContentServer/WDSP/ECA/2011/05/08/77010131AB004C0C8525788A0056E605/1_0/Rendered/PDF/P0790320ISR0Di008201101304869749697.pdf,Implementation Status & Results,"The coordinates corresponds to an exact location, such as a populated place or a hill. The code is also used for locations that join a location which is a line (such as a road or railroad). Lines are not coded only the points that connect lines. All points that are mentioned in the source are coded.",,
2416898,Bratsk,2051523,56.13249969482422,101.61416625976562,1.0,,Irkutsk,0,Bratskiy rayon,0,http://www-wds.worldbank.org/external/default/WDSContentServer/WDSP/ECA/2011/05/08/77010131AB004C0C8525788A0056E605/1_0/Rendered/PDF/P0790320ISR0Di008201101304869749697.pdf,Implementation Status & Results,"The coordinates corresponds to an exact location, such as a populated place or a hill. The code is also used for locations that join a location which is a line (such as a road or railroad). Lines are not coded only the points that connect lines. All points that are mentioned in the source are coded.",,
2418291,Saint Petersburg,498817,59.894439697265625,30.264169692993164,1.0,,City of St. Petersburg,0,Sankt-Peterburg gorsovet,0,http://www-wds.worldbank.org/external/default/WDSContentServer/WDSP/IB/2003/03/14/000094946_03011404022031/Rendered/PDF/multi0page.pdf,ISDS,"The coordinates corresponds to an exact location, such as a populated place or a hill. The code is also used for locations that join a location which is a line (such as a road or railroad). Lines are not coded only the points that connect lines. All points that are mentioned in the source are coded.",,
2418291,Mariinsky Theatre,7602712,59.925559997558594,30.296110153198242,1.0,,City of St. Petersburg,0,Sankt-Peterburg gorsovet,0,http://www-wds.worldbank.org/external/default/WDSContentServer/WDSP/IB/2003/03/14/000094946_03011404022031/Rendered/PDF/multi0page.pdf,ISDS,"The coordinates corresponds to an exact location, such as a populated place or a hill. The code is also used for locations that join a location which is a line (such as a road or railroad). Lines are not coded only the points that connect lines. All points that are mentioned in the source are coded.",,
2418291,St. Petersburg State Hermitage Museum,7874165,59.941001892089844,30.31290054321289,1.0,,City of St. Petersburg,0,Sankt-Peterburg gorsovet,0,http://www-wds.worldbank.org/external/default/WDSContentServer/WDSP/IB/2003/03/14/000094946_03011404022031/Rendered/PDF/multi0page.pdf,ISDS,"The coordinates corresponds to an exact location, such as a populated place or a hill. The code is also used for locations that join a location which is a line (such as a road or railroad). Lines are not coded only the points that connect lines. All points that are mentioned in the source are coded.",,
2418291,The Russian Museum,7874166,59.93836975097656,30.334680557250977,1.0,,City of St. Petersburg,0,Sankt-Peterburg gorsovet,0,http://www-wds.worldbank.org/external/default/WDSContentServer/WDSP/IB/2003/03/14/000094946_03011404022031/Rendered/PDF/multi0page.pdf,ISDS,"The coordinates corresponds to an exact location, such as a populated place or a hill. The code is also used for locations that join a location which is a line (such as a road or railroad). Lines are not coded only the points that connect lines. All points that are mentioned in the source are coded.",,
2418291,Peter and Paul Fortress,7874168,59.949729919433594,30.31825065612793,1.0,,City of St. Petersburg,0,Sankt-Peterburg gorsovet,0,http://www-wds.worldbank.org/external/default/WDSContentServer/WDSP/IB/2003/03/14/000094946_03011404022031/Rendered/PDF/multi0page.pdf,ISDS,"The coordinates corresponds to an exact location, such as a populated place or a hill. The code is also used for locations that join a location which is a line (such as a road or railroad). Lines are not coded only the points that connect lines. All points that are mentioned in the source are coded.",,
2418291,St. Petersburg Conservatory,7874171,59.92597961425781,30.298189163208008,1.0,,City of St. Petersburg,0,Sankt-Peterburg gorsovet,0,http://www-wds.worldbank.org/external/default/WDSContentServer/WDSP/IB/2003/03/14/000094946_03011404022031/Rendered/PDF/multi0page.pdf,ISDS,"The coordinates corresponds to an exact location, such as a populated place or a hill. The code is also used for locations that join a location which is a line (such as a road or railroad). Lines are not coded only the points that connect lines. All points that are mentioned in the source are coded.",,
2418291,Tsarskoye Selo,7874172,59.723331451416016,30.415830612182617,1.0,,City of St. Petersburg,0,Sankt-Peterburg gorsovet,0,http://www-wds.worldbank.org/external/default/WDSContentServer/WDSP/IB/2003/03/14/000094946_03011404022031/Rendered/PDF/multi0page.pdf,ISDS,"The coordinates corresponds to an exact location, such as a populated place or a hill. The code is also used for locations that join a location which is a line (such as a road or railroad). Lines are not coded only the points that connect lines. All points that are mentioned in the source are coded.",,
2418291,Pavlovsk Palace,7874173,59.685829162597656,30.45332908630371,1.0,,City of St. Petersburg,0,Sankt-Peterburg gorsovet,0,http://www-wds.worldbank.org/external/default/WDSContentServer/WDSP/IB/2003/03/14/000094946_03011404022031/Rendered/PDF/multi0page.pdf,ISDS,"The coordinates corresponds to an exact location, such as a populated place or a hill. The code is also used for locations that join a location which is a line (such as a road or railroad). Lines are not coded only the points that connect lines. All points that are mentioned in the source are coded.",,
2418291,Shostakovich Philharmonic,7874174,59.93598175048828,30.331920623779297,1.0,,City of St. Petersburg,0,Sankt-Peterburg gorsovet,0,http://www-wds.worldbank.org/external/default/WDSContentServer/WDSP/IB/2003/03/14/000094946_03011404022031/Rendered/PDF/multi0page.pdf ; http://www-wds.worldbank.org/external/default/WDSContentServer/WDSP/IB/2003/05/17/000094946_03050804034718/Rendered/PDF/multi0page.pdf,ISDS ; PAD,"The coordinates corresponds to an exact location, such as a populated place or a hill. The code is also used for locations that join a location which is a line (such as a road or railroad). Lines are not coded only the points that connect lines. All points that are mentioned in the source are coded.",,
40645521,Volgogradskaya Oblastí,472755,49,44,4.1,,Volgograd,0,,0,http://www-wds.worldbank.org/external/default/WDSContentServer/WDSP/IB/2010/11/17/000370910_20101117090829/Rendered/PDF/533420PAD0R20101027811.pdf,PAD,"The location is an entire first order administrative division (ADM1), such as a province, state or governorate.",,
40645521,Tverskaya Oblastí,480041,57.009639739990234,35.004878997802734,4.1,,Tver,0,,0,http://www-wds.worldbank.org/external/default/WDSContentServer/WDSP/IB/2010/11/17/000370910_20101117090829/Rendered/PDF/533420PAD0R20101027811.pdf,PAD,"The location is an entire first order administrative division (ADM1), such as a province, state or governorate.",,
40645521,Moscow,524901,55.752220153808594,37.61555862426758,1.0,,Moskva,0,Moskva gorsovet,0,http://www-wds.worldbank.org/external/default/WDSContentServer/WDSP/IB/2010/04/08/000262044_20100408165849/Rendered/PDF/Integrated0Saf1et010Appraisal0Stage.pdf,ISDS,"The coordinates corresponds to an exact location, such as a populated place or a hill. The code is also used for locations that join a location which is a line (such as a road or railroad). Lines are not coded only the points that connect lines. All points that are mentioned in the source are coded.",,
40645521,Kaliningradskaya Oblastí,554230,54.75,21.5,4.1,,Kaliningrad,0,,0,http://www-wds.worldbank.org/external/default/WDSContentServer/WDSP/IB/2010/11/17/000370910_20101117090829/Rendered/PDF/533420PAD0R20101027811.pdf,PAD,"The location is an entire first order administrative division (ADM1), such as a province, state or governorate.",,
40645521,Russian Federation,2017370,,,8.2,,,0,,0,http://www-wds.worldbank.org/external/default/WDSContentServer/WDSP/IB/2010/11/17/000370910_20101117090829/Rendered/PDF/533420PAD0R20101027811.pdf,PAD,"The location represents funding to a government agency, but this is not the only location for the project.",,
2417636,Russian Federation,2017370,,,6.0,,,0,,0,http://www-wds.worldbank.org/external/default/WDSContentServer/WDSP/IB/2009/02/11/000104615_20090212155133/Rendered/PDF/Integrated0Saf1et010Appraisal0Stage.pdf,ISDS,"The location can only be related to an independent political entity, meaning the pair of coordinates that represent a country.",,
2417032,Russian Federation,2017370,,,8.2,,,0,,0,http://www-wds.worldbank.org/external/default/WDSContentServer/WDSP/IB/2007/02/15/000104615_20070215172846/Rendered/PDF/Integrated0Saf1et010Appraisal0Stage.pdf ; http://www-wds.worldbank.org/external/default/WDSContentServer/WDSP/IB/2007/06/14/000310607_20070614104819/Rendered/PDF/39971main.pdf,ISDS ; PAD,"The location represents funding to a government agency, but this is not the only location for the project.",,
2418501,Russian Federation,2017370,,,8.1,,,0,,0,http://www-wds.worldbank.org/external/default/WDSContentServer/WDSP/IB/2002/03/08/000094946_02030704010989/Rendered/PDF/multi0page.pdf,ISDS,"The location represents funding to a government agency, but this is not the only location for the project.",,
2417225,Moscow,524901,55.752220153808594,37.61555862426758,1.0,,Moskva,0,Moskva gorsovet,0,http://www-wds.worldbank.org/external/default/WDSContentServer/WDSP/IB/2006/10/04/000104615_20061004103847/Rendered/PDF/REV0PID0with0report0no.pdf,PID,"The coordinates corresponds to an exact location, such as a populated place or a hill. The code is also used for locations that join a location which is a line (such as a road or railroad). Lines are not coded only the points that connect lines. All points that are mentioned in the source are coded.",,
2418313,Russian Federation,2017370,,,6.0,,,0,,0,http://www-wds.worldbank.org/external/default/WDSContentServer/WDSP/IB/2009/07/09/000333037_20090709020054/Rendered/PDF/246900PAD0REVI1470IDASecM2009104091.pdf,PAD,"The location can only be related to an independent political entity, meaning the pair of coordinates that represent a country.",,
40236266,Gubkinskiy,1539209,64.43399810791016,76.50260925292969,2.0,,Yamal-Nenets,0,Purovskiy rayon,0,http://www-wds.worldbank.org/external/default/WDSContentServer/WDSP/IB/2008/07/23/000020953_20080723142540/Rendered/PDF/44803.pdf,ISDS,"The location is mentioned in the source as being near, in the area of, or up to 25 km away from an exact location. The coordinates refer to that adjacent, exact, location.",,
2417397,Samarskaya Oblastí,499068,53,50,4.1,,Samara,0,,0,,TTL,"The location is an entire first order administrative division (ADM1), such as a province, state or governorate.",,
2417397,Rostovskaya Oblastí,501165,47,42,4.1,,Rostov,0,,0,,TTL,"The location is an entire first order administrative division (ADM1), such as a province, state or governorate.",,
2417397,Perm Krai,511180,59,57,4.1,,Perm,0,,0,,TTL,"The location is an entire first order administrative division (ADM1), such as a province, state or governorate.",,
2417397,Novgorodskaya Oblastí,519324,58.5,32.5,4.1,,Novgorod,0,,0,,TTL,"The location is an entire first order administrative division (ADM1), such as a province, state or governorate.",,
2417397,Murmanskaya Oblastí,524304,68,34,4.1,,Murmansk,0,,0,,TTL,"The location is an entire first order administrative division (ADM1), such as a province, state or governorate.",,
2417397,Moskva,524894,55.76166534423828,37.606666564941406,4.1,,Moskva,0,,0,,TTL,"The location is an entire first order administrative division (ADM1), such as a province, state or governorate.",,
2417397,Krasnoyarskiy Kray,1502020,58,93,4.1,,Krasnoyarsk,0,,0,,TTL,"The location is an entire first order administrative division (ADM1), such as a province, state or governorate.",,
2417397,Kemerovskaya Oblastí,1503900,55,86,4.1,,Kemerovo,0,,0,,TTL,"The location is an entire first order administrative division (ADM1), such as a province, state or governorate.",,
2417397,Chelyabinskaya Oblastí,1508290,54,60.5,4.1,,Chelyabinsk,0,,0,,TTL,"The location is an entire first order administrative division (ADM1), such as a province, state or governorate.",,
2417397,Kurskaya Oblastí,538555,51.5,36,4.1,,Kursk,0,,0,,TTL,"The location is an entire first order administrative division (ADM1), such as a province, state or governorate.",,
2417397,Primorskiy Kray,2017623,45,135,4.1,,Primor'ye,0,,0,,TTL,"The location is an entire first order administrative division (ADM1), such as a province, state or governorate.",,
2417397,Khabarovskiy Kray,2022888,55,134,4.1,,Khabarovsk,0,,0,,TTL,"The location is an entire first order administrative division (ADM1), such as a province, state or governorate.",,
2417397,Krasnodarskiy Kray,542415,45,40,4.1,,Adygey,0,,0,,TTL,"The location is an entire first order administrative division (ADM1), such as a province, state or governorate.",,
2417397,Irkutskaya Oblastí,2023468,56,106,4.1,,Irkutsk,0,,0,,TTL,"The location is an entire first order administrative division (ADM1), such as a province, state or governorate.",,
2417397,Lipetskaya Oblastí,535120,52.5,39,4.1,,Lipetsk,0,,0,,TTL,"The location is an entire first order administrative division (ADM1), such as a province, state or governorate.",,
2417397,Kirovskaya Oblastí,548389,58,50,4.1,,Kirov,0,,0,,TTL,"The location is an entire first order administrative division (ADM1), such as a province, state or governorate.",,
2417397,Kaluzhskaya Oblastí,553899,54.5,35.5,4.1,,Kaluga,0,,0,,TTL,"The location is an entire first order administrative division (ADM1), such as a province, state or governorate.",,
2417397,Kaliningradskaya Oblastí,554230,54.75,21.5,4.1,,Kaliningrad,0,,0,,TTL,"The location is an entire first order administrative division (ADM1), such as a province, state or governorate.",,
2417397,Nizhegorodskaya Oblastí,559838,56,45,4.1,,Nizhegorod,0,,0,,TTL,"The location is an entire first order administrative division (ADM1), such as a province, state or governorate.",,
2417397,Chuvashskaya Respublika,567395,55.5,47,4.1,,Chuvash,0,,0,,TTL,"The location is an entire first order administrative division (ADM1), such as a province, state or governorate.",,
2417397,Bryanskaya Oblastí,571473,53,33.5,4.1,,Bryansk,0,,0,,TTL,"The location is an entire first order administrative division (ADM1), such as a province, state or governorate.",,
2417397,Belgorodskaya Oblastí,578071,50.75,37.5,4.1,,Belgorod,0,,0,,TTL,"The location is an entire first order administrative division (ADM1), such as a province, state or governorate.",,
2417397,Respublika Bashkortostan,578853,54,56,4.1,,Bashkortostan,0,,0,,TTL,"The location is an entire first order administrative division (ADM1), such as a province, state or governorate.",,
2417397,Arkhangelískaya Oblastí,581043,64,44,4.1,,Arkhangel'sk,0,,0,,TTL,"The location is an entire first order administrative division (ADM1), such as a province, state or governorate.",,
2417397,Vladimirskaya Oblastí,826294,56,40.5,4.1,,Vladimir,0,,0,,TTL,"The location is an entire first order administrative division (ADM1), such as a province, state or governorate.",,
2417397,Tyumenskaya Oblastí,1488747,57.33332824707031,68.5,4.1,,Tyumen,0,,0,,TTL,"The location is an entire first order administrative division (ADM1), such as a province, state or governorate.",,
2417397,Sverdlovskaya Oblastí,1490542,58,62,4.1,,Sverdlovsk,0,,0,,TTL,"The location is an entire first order administrative division (ADM1), such as a province, state or governorate.",,
2417397,Novosibirskaya Oblastí,1496745,55,80,4.1,,Novosibirsk,0,,0,,TTL,"The location is an entire first order administrative division (ADM1), such as a province, state or governorate.",,
2417397,Sankt-Peterburg,536203,59.91667175292969,30.25,4.1,,City of St. Petersburg,0,,0,http://www-wds.worldbank.org/external/default/WDSContentServer/WDSP/IB/2006/05/24/000160016_20060524110031/Rendered/PDF/36055.pdf,PAD,"The location is an entire first order administrative division (ADM1), such as a province, state or governorate.",,
2417397,Yaroslavskaya Oblastí,468898,58,39.5,4.1,,Yaroslavl,0,,0,,TTL,"The location is an entire first order administrative division (ADM1), such as a province, state or governorate.",,
2417397,Voronezhskaya Oblastí,472039,51,40.5,4.1,,Voronezh,0,,0,,TTL,"The location is an entire first order administrative division (ADM1), such as a province, state or governorate.",,
2417397,Volgogradskaya Oblastí,472755,49,44,4.1,,Volgograd,0,,0,,TTL,"The location is an entire first order administrative division (ADM1), such as a province, state or governorate.",,
2417397,Ulíyanovskaya Oblastí,479119,54,48,4.1,,Ul'yanovsk,0,,0,,TTL,"The location is an entire first order administrative division (ADM1), such as a province, state or governorate.",,
2417397,Udmurtskaya Respublika,479613,57,53,4.1,,Udmurt,0,,0,,TTL,"The location is an entire first order administrative division (ADM1), such as a province, state or governorate.",,
2417397,Tverskaya Oblastí,480041,57.009639739990234,35.004878997802734,4.1,,Tver,0,,0,,TTL,"The location is an entire first order administrative division (ADM1), such as a province, state or governorate.",,
2417397,Tul'skaya Oblast',480508,54,37.5,4.1,,Tula,0,,0,,TTL,"The location is an entire first order administrative division (ADM1), such as a province, state or governorate.",,
2417397,Respublika Tatarstan,484048,55.33332824707031,51,4.1,,Tatarstan,0,,0,,TTL,"The location is an entire first order administrative division (ADM1), such as a province, state or governorate.",,
2417397,Stavropolískiy Kray,487839,45,44,4.1,,Stavropol,0,,0,,TTL,"The location is an entire first order administrative division (ADM1), such as a province, state or governorate.",,
2417397,Saratovskaya Oblast',498671,51.5,47,4.1,,Saratov,0,,0,,TTL,"The location is an entire first order administrative division (ADM1), such as a province, state or governorate.",,
2417397,Russian Federation,2017370,,,8.2,,,0,,0,http://www-wds.worldbank.org/external/default/WDSContentServer/WDSP/IB/2006/04/26/000104615_20060427110023/Rendered/PDF/Integrated0Saf1et010Appraisal0Stage.pdf ; http://www-wds.worldbank.org/external/default/WDSContentServer/WDSP/IB/2006/05/24/000160016_20060524110031/Rendered/PDF/36055.pdf,ISDS ; PAD,"The location represents funding to a government agency, but this is not the only location for the project.",,
2417397,Moscow,524901,55.752220153808594,37.61555862426758,1.0,,Moskva,0,Moskva gorsovet,0,,TTL,"The coordinates corresponds to an exact location, such as a populated place or a hill. The code is also used for locations that join a location which is a line (such as a road or railroad). Lines are not coded only the points that connect lines. All points that are mentioned in the source are coded.",,